{"y_mean": 1324.242919921875, "y_std": 1042.6851806640625}